{
    "wlwwar": 2.695249587304947,
    "eaywag1": 3.820048709940747,
    "barswa": 4.470178798577217,
    "comsan": 4.717204270437338,
    "combuz1": 6.025439490413258,
    "woosan": 6.540571058205993,
    "thrnig1": 6.574636762891823,
    "cohmar1": 6.887449655040415,
    "hoopoe": 7.549150480525924,
    "eubeat1": 7.648529270389177,
    "litegr": 8.097304281899216,
    "rbsrob1": 8.932275307483234,
    "combul2": 9.32231257848736,
    "gnbcam2": 9.603707501355284,
    "greegr": 9.657661338813412,
    "blakit1": 10.23629061572698,
    "ratcis1": 10.63046687302898,
    "rerswa1": 10.874445798686544,
    "somgre1": 11.012979355547449,
    "tafpri1": 11.485483649431337,
    "egygoo": 11.601618894603018,
    "blbpuf2": 11.673014146280268,
    "categr": 11.770290946020616,
    "colsun2": 12.212642983754526,
    "grecor": 12.212642983754526,
    "wbrcha2": 12.212642983754526,
    "gargan": 12.616952880945542,
    "fotdro5": 12.678052283719998,
    "carcha1": 13.03073290340954,
    "abhori1": 13.098075640804186,
    "afpfly1": 13.201076511127098,
    "bkctch1": 13.378280097919104,
    "rindov": 13.414584859641455,
    "yertin1": 13.525298579235082,
    "strher": 13.794676634422276,
    "reccuc1": 13.834488193779162,
    "trobou1": 13.874646444269791,
    "hadibi1": 13.915156447103584,
    "subbus1": 14.430706255026742,
    "varsun2": 14.430706255026742,
    "piekin1": 14.430706255026742,
    "cibwar1": 14.615722864049854,
    "yewgre1": 14.615722864049854,
    "laudov1": 14.759252227527975,
    "grewoo2": 15.216617710432715,
    "sincis1": 15.270103350600747,
    "grbcam1": 15.489828359562143,
    "yebapa1": 15.546257793657654,
    "spmthr1": 15.603308472696348,
    "vilwea1": 15.660991880039614,
    "tamdov1": 15.7193197984319,
    "piecro1": 15.837957857340987,
    "brubru1": 15.837957857340987,
    "afecuc1": 16.083522235505505,
    "afghor1": 16.210666682333404,
    "reedov1": 16.210666682333404,
    "wbswea1": 16.340874932156694,
    "chibat1": 16.340874932156694,
    "sccsun2": 16.474272042923847,
    "gyhbus1": 16.822603841260722,
    "btweye2": 16.89495946051407,
    "helgui": 16.96825680883086,
    "didcuc1": 16.96825680883086,
    "blacuc1": 17.04251649320172,
    "afpwag1": 17.194008507949174,
    "yefcan": 17.271285340046273,
    "gobbun1": 17.349613566563693,
    "litswi1": 17.349613566563693,
    "bcbeat1": 17.757895628222876,
    "whbcou1": 17.929473484112012,
    "eswdov1": 17.929473484112012,
    "wookin1": 18.38116826914915,
    "spwlap1": 18.768182673105667,
    "brctch1": 19.62171317461798,
    "slcbou1": 19.62171317461798,
    "blacra1": 19.62171317461798,
    "afmdov1": 19.62171317461798,
    "reftin1": 19.85393088102634,
    "gycwar3": 19.85393088102634,
    "afrthr1": 19.973174781275347,
    "lessts1": 19.973174781275347,
    "lawgol": 20.094593375503504,
    "reccor": 20.094593375503504,
    "afrgos1": 20.47258123145396,
    "crefra2": 20.603397778036516,
    "klacuc1": 20.603397778036516,
    "affeag1": 20.73675449565305,
    "blfbus1": 21.011425463304484,
    "gyhkin1": 21.15291814256241,
    "gyhspa1": 21.15291814256241,
    "afdfly1": 21.297308338514362,
    "spemou2": 21.297308338514362,
    "carwoo1": 21.44469631400734,
    "pitwhy": 21.44469631400734,
    "blaplo1": 21.59518725725842,
    "crohor1": 21.59518725725842,
    "rebfir2": 21.74889159737309,
    "brwwar1": 21.905925344924174,
    "gbesta1": 22.0664104599782,
    "wfbeat1": 22.0664104599782,
    "refcro1": 22.230475250222298,
    "sichor1": 22.230475250222298,
    "squher1": 22.398254802145146,
    "marsun2": 22.569891448564835,
    "supsta1": 22.569891448564835,
    "amesun2": 22.569891448564835,
    "soufis1": 22.745535276181126,
    "moccha1": 22.745535276181126,
    "bawhor2": 22.745535276181126,
    "gryapa1": 23.49148782005942,
    "strsee1": 23.689731738255468,
    "darbar1": 23.689731738255468,
    "wbgbir1": 23.893080804802626,
    "chucis1": 24.101757961653032,
    "scrcha1": 24.101757961653032,
    "spepig1": 24.101757961653032,
    "beasun2": 24.101757961653032,
    "ndcsun2": 24.101757961653032,
    "quailf1": 24.316000023500106,
    "ruegls1": 24.316000023500106,
    "libeat1": 24.316000023500106,
    "walsta1": 24.53605880776662,
    "spewea1": 24.762202379163828,
    "crheag1": 25.233905761891084,
    "abythr1": 25.233905761891084,
    "rebhor1": 25.233905761891084,
    "yebbar1": 25.480096038234375,
    "yebere1": 25.480096038234375,
    "grywrw1": 25.480096038234375,
    "broman1": 25.73363557680881,
    "meypar1": 25.994897458492716,
    "bkfruw1": 25.994897458492716,
    "brosun1": 25.994897458492716,
    "yesbar1": 25.994897458492716,
    "sltnig1": 26.264281829130603,
    "afrjac1": 26.264281829130603,
    "cabgre1": 26.264281829130603,
    "butapa1": 26.82916971928291,
    "bagwea1": 27.4321476970493,
    "blcapa2": 27.4321476970493,
    "brican1": 27.4321476970493,
    "kerspa2": 27.4321476970493,
    "yetgre1": 27.749292888539582,
    "bswdov1": 27.749292888539582,
    "blhgon1": 27.749292888539582,
    "fatrav1": 27.749292888539582,
    "brobab1": 28.077698318365464,
    "wtbeat1": 28.077698318365464,
    "whbwhe3": 28.077698318365464,
    "lesmaw1": 28.077698318365464,
    "hamerk1": 28.077698318365464,
    "rewsta1": 28.418046482009608,
    "slbgre1": 28.418046482009608,
    "yelbis1": 28.77107922897575,
    "gabgos2": 28.77107922897575,
    "blnmou1": 28.77107922897575,
    "yebgre1": 28.77107922897575,
    "luebus1": 28.77107922897575,
    "mouwag1": 29.137604568666934,
    "gyhneg1": 29.137604568666934,
    "afpkin1": 29.137604568666934,
    "hartur1": 29.137604568666934,
    "chtapa3": 29.51850445505595,
    "scthon1": 29.914743720979658,
    "norpuf1": 29.914743720979658,
    "whbwea1": 29.914743720979658,
    "soucit1": 29.914743720979658,
    "reisee2": 30.327380368241503,
    "whihel1": 30.327380368241503,
    "huncis1": 30.327380368241503,
    "norcro1": 30.327380368241503,
    "rocmar2": 30.757577463587268,
    "rostur1": 30.757577463587268,
    "norbro1": 30.757577463587268,
    "nubwoo1": 30.757577463587268,
    "reboxp1": 31.206616945392696,
    "vimwea1": 31.206616945392696,
    "somtit4": 31.206616945392696,
    "norfis1": 31.206616945392696,
    "afrgrp1": 31.206616945392696,
    "vibsta2": 31.675915714681974,
    "grwpyt1": 31.675915714681974,
    "raybar1": 32.16704447101101,
    "whbtit5": 32.68174986431339,
    "yebduc1": 32.68174986431339,
    "edcsun3": 33.2219806754504,
    "mabeat1": 33.78991892102814,
    "gnhsun1": 33.78991892102814,
    "grccra1": 33.78991892102814,
    "nobfly1": 33.78991892102814,
    "blnwea1": 34.38801701589835,
    "fislov1": 35.019042438840806,
    "loceag1": 35.019042438840806,
    "bltori1": 35.019042438840806,
    "bltbar1": 35.68613176011096,
    "malkin1": 35.68613176011096,
    "yespet1": 35.68613176011096,
    "sobfly1": 36.3928564418898,
    "afbfly1": 36.3928564418898,
    "blwlap1": 36.3928564418898,
    "wheslf1": 36.3928564418898,
    "blksaw1": 37.14330356874574,
    "blhher1": 37.94217568421946,
    "yenspu1": 37.94217568421946,
    "pygbat1": 38.794915318188984,
    "ccbeat1": 38.794915318188984,
    "refwar2": 38.794915318188984,
    "litwea1": 38.794915318188984,
    "palfly2": 38.794915318188984,
    "abethr1": 38.794915318188984,
    "kvbsun1": 39.70786176205268,
    "whcpri2": 39.70786176205268,
    "whbcan1": 39.70786176205268,
    "afgfly1": 39.70786176205268,
    "augbuz1": 40.68845044972836,
    "purgre2": 40.68845044972836,
    "refbar2": 40.68845044972836,
    "bubwar2": 40.68845044972836,
    "yeccan1": 41.74546934131075,
    "mcptit1": 41.74546934131075,
    "spfbar1": 41.74546934131075,
    "whrshr1": 42.88939262801468,
    "easmog1": 42.88939262801468,
    "tacsun1": 42.88939262801468,
    "witswa1": 44.1328209199564,
    "equaka1": 44.1328209199564,
    "spfwea1": 44.1328209199564,
    "gybfis1": 44.1328209199564,
    "bltapa1": 45.49107055236225,
    "brtcha1": 45.49107055236225,
    "brcale1": 45.49107055236225,
    "brrwhe3": 46.98297564011884,